Compound name,M.wt,tempConc(mmol),FUNCTIONAL MONOMER,M.wt,MonomerConc(mmol),crosslinker,M.wt,CROSSLINKER CONC(mmol),Solubility,Xlogp,H bond acceptor count,H bond donor count,IF,MIP,template smile,crosslinker smile,momomer smile
p-1-Octylphenol,206.32,2,4-VP,86.11,7,EDMA,207.27,25,0.85,5.3,1,1,1.42,10.4,CC(C)(C)CC(C)(C)C1=CC=C(C=C1)O.C=O.C1=CC=C(C=C1)O,CC(CC1=CC2=C(C=C1)OCCO2)NC,C=CC1=CC=C(C=C1)O
p-t-Butylphenol,150.22,2,4-VP,86.11,7,EDMA,207.27,25,0.58,3.3,1,1,1.43,4.52,CC(C)(C)C1=CC=C(C=C1)O,CC(CC1=CC2=C(C=C1)OCCO2)NC,C=CC1=CC=C(C=C1)O
(S)-Nilvadipine,385.4,2,MAA,72.09,7,EDMA,207.27,25,0.1,2.9,8,1,1.55,10.1,CC1=C(C(C(=C(N1)C#N)C(=O)OC)C2=CC(=CC=C2)[N+](=O)[O-])C(=O)OC(C)C,CC(CC1=CC2=C(C=C1)OCCO2)NC,CN.C1=CC(=O)OC1=O
(S)-Nilvadipine,385.4,2,TFMAA,140.6,6,EDMA,207.27,25,0.1,2.9,8,1,1.89,11,CC1=C(C(C(=C(N1)C#N)C(=O)OC)C2=CC(=CC=C2)[N+](=O)[O-])C(=O)OC(C)C,CC(CC1=CC2=C(C=C1)OCCO2)NC,C=C(C(=O)O)C(F)(F)F
(S)-Nilvadipine,385.4,2,2-VP,84.11,6,EDMA,207.27,25,0.1,2.9,8,1,1.58,27.6,CC1=C(C(C(=C(N1)C#N)C(=O)OC)C2=CC(=CC=C2)[N+](=O)[O-])C(=O)OC(C)C,CC(CC1=CC2=C(C=C1)OCCO2)NC,P#[V]
(S)-Nilvadipine,385.4,2,4-VP,84.11,6,EDMA,207.27,25,0.1,2.9,8,1,1.65,,CC1=C(C(C(=C(N1)C#N)C(=O)OC)C2=CC(=CC=C2)[N+](=O)[O-])C(=O)OC(C)C,CC(CC1=CC2=C(C=C1)OCCO2)NC,C=CC1=CC=C(C=C1)O
(S)-Nilvadipine,385.4,1,4-VP,86.11,3,EDMA,207.27,25,0.1,2.9,8,1,1.94,24.5,CC1=C(C(C(=C(N1)C#N)C(=O)OC)C2=CC(=CC=C2)[N+](=O)[O-])C(=O)OC(C)C,CC(CC1=CC2=C(C=C1)OCCO2)NC,C=CC1=CC=C(C=C1)O
(S)-Nilvadipine,385.4,2,4-VP,84.11,3,EDMA,207.27,25,0.1,2.9,8,1,1.56,,CC1=C(C(C(=C(N1)C#N)C(=O)OC)C2=CC(=CC=C2)[N+](=O)[O-])C(=O)OC(C)C,CC(CC1=CC2=C(C=C1)OCCO2)NC,C=CC1=CC=C(C=C1)O
(S)-Nilvadipine,385.4,4,4-VP,84.11,6,EDMA,207.27,25,0.1,2.9,8,1,1.84,,CC1=C(C(C(=C(N1)C#N)C(=O)OC)C2=CC(=CC=C2)[N+](=O)[O-])C(=O)OC(C)C,CC(CC1=CC2=C(C=C1)OCCO2)NC,C=CC1=CC=C(C=C1)O
(S)-Nilvadipine,385.4,4,4-VP,84.11,6,EDMA,207.27,25,0.1,2.9,8,1,1.59,,CC1=C(C(C(=C(N1)C#N)C(=O)OC)C2=CC(=CC=C2)[N+](=O)[O-])C(=O)OC(C)C,CC(CC1=CC2=C(C=C1)OCCO2)NC,C=CC1=CC=C(C=C1)O
(S)-Nilvadipine,385.4,4,4-VP,84.11,6,EDMA,207.27,25,0.1,2.9,8,1,1.78,,CC1=C(C(C(=C(N1)C#N)C(=O)OC)C2=CC(=CC=C2)[N+](=O)[O-])C(=O)OC(C)C,CC(CC1=CC2=C(C=C1)OCCO2)NC,C=CC1=CC=C(C=C1)O
Clenbuterol,277.19,2,AAm,71.08,2,EGDMA,142.18,11,0.1,2.2,3,3,4.64,4.18,CC(C)(C)NCC(C1=CC(=C(C(=C1)Cl)N)Cl)O,CC(=C)C(=O)OCCOC(=O)C(=C)C,C=CC(=O)N
Trimethoprim,290.3,2,MAA,72.09,8,EGDMA,142.18,50,400,0.9,7,2,2.65,22,COC1=CC(=CC(=C1OC)OC)CC2=CN=C(N=C2N)N,CC(=C)C(=O)OCCOC(=O)C(=C)C,CN.C1=CC(=O)OC1=O
Matrine,248.36,1,MAA,72.09,6,EGDMA,142.08,50,33.3,1.6,2,0,1.73,12.15,C1C[C@@H]2[C@H]3CCCN4[C@H]3[C@@H](CCC4)CN2C(=O)C1,CC(=C)C(=O)OCCOC(=O)C(=C)C,CN.C1=CC(=O)OC1=O
Oxymatrine,264.36,1,MAA,72.09,6,EGDMA,142.08,50,33.3,1,2,0,1.33,6.18,C1C[C@@H]2[C@H]3CCC[N@+]4([C@H]3[C@@H](CCC4)CN2C(=O)C1)[O-],CC(=C)C(=O)OCCOC(=O)C(=C)C,CN.C1=CC(=O)OC1=O
Piritrexim,325.4,0.9,MAA,72.09,8,EGDMA,142.08,50,0.064,2.1,7,2,2.27,18.5,CC1=C2C(=NC(=NC2=NC=C1CC3=C(C=CC(=C3)OC)OC)N)N.C(CS(=O)(=O)O)O,CC(=C)C(=O)OCCOC(=O)C(=C)C,CN.C1=CC(=O)OC1=O
Bisphenol A,228.29,2,MAA,72.09,7,EDMA,207.27,25,300,3.3,2,2,2.11,2.77,CC(C)(C1=CC=C(C=C1)O)C2=CC=C(C=C2)O,CC(CC1=CC2=C(C=C1)OCCO2)NC,CN.C1=CC(=O)OC1=O
Bisphenol A,228.29,2,2-DAEMA,157.21,7,EDMA,207.27,25,300,3.3,2,2,1.64,5.44,CC(C)(C1=CC=C(C=C1)O)C2=CC=C(C=C2)O,CC(CC1=CC2=C(C=C1)OCCO2)NC,
Bisphenol A,228.29,2,4-VP,86.11,7,EDMA,207.27,25,300,3.3,2,2,7.29,15.3,CC(C)(C1=CC=C(C=C1)O)C2=CC=C(C=C2)O,CC(CC1=CC2=C(C=C1)OCCO2)NC,C=CC1=CC=C(C=C1)O
Bisphenol A,228.29,1,4-VP,86.11,3.5,EDMA,207.27,25,300,3.3,2,2,2.22,,CC(C)(C1=CC=C(C=C1)O)C2=CC=C(C=C2)O,CC(CC1=CC2=C(C=C1)OCCO2)NC,C=CC1=CC=C(C=C1)O
Bisphenol A,228.29,4,4-VP,86.11,7,EDMA,207.27,25,300,3.3,2,2,1.94,,CC(C)(C1=CC=C(C=C1)O)C2=CC=C(C=C2)O,CC(CC1=CC2=C(C=C1)OCCO2)NC,C=CC1=CC=C(C=C1)O
Bisphenol A,228.29,4,4-VP,86.11,14,EDMA,207.27,25,300,3.3,2,2,6.21,,CC(C)(C1=CC=C(C=C1)O)C2=CC=C(C=C2)O,CC(CC1=CC2=C(C=C1)OCCO2)NC,C=CC1=CC=C(C=C1)O
Beta-estradiol,272.4,2,4-VP,86.11,14,EDMA,207.27,25,0.0036,4,2,2,2.35,11.2,C[C@]12CC[C@H]3[C@H]([C@@H]1CC[C@@H]2O)CCC4=C3C=CC(=C4)O,CC(CC1=CC2=C(C=C1)OCCO2)NC,C=CC1=CC=C(C=C1)O
Cinchonine,294.4,1,MAA,72.09,6,EDMA,207.27,25,0.25,2.7,3,1,31.64,54.1,C=C[C@H]1CN2CC[C@H]1C[C@H]2[C@@H](C3=CC=NC4=CC=CC=C34)O,CC(CC1=CC2=C(C=C1)OCCO2)NC,CN.C1=CC(=O)OC1=O
Cinchonidine,294.4,1,MAA,72.09,6,EDMA,207.27,25,0.25,2.7,3,1,35.96,61.5,C=C[C@H]1CN2CC[C@H]1C[C@H]2[C@@H](C3=CC=NC4=CC=CC=C34)O,CC(CC1=CC2=C(C=C1)OCCO2)NC,CN.C1=CC(=O)OC1=O
(S)-Ibuprofen,206.28,2,4-VP,86.11,6,EDMA,207.27,6,1,3.5,2,1,2.24,4.42,CC(C)CC1=CC=C(C=C1)C(C)C(=O)O,CC(CC1=CC2=C(C=C1)OCCO2)NC,C=CC1=CC=C(C=C1)O
d-Chlorpheniramine,274.79,2,MAA,72.09,7,EDMA,207.27,25,0.25,3.4,2,0,3,19.4,CN(C)CCC(C1=CC=C(C=C1)Cl)C2=CC=CC=N2,CC(CC1=CC2=C(C=C1)OCCO2)NC,CN.C1=CC(=O)OC1=O
d-Chlorpheniramine,274.79,2,TFMAA,140.6,7,EDMA,207.27,25,0.25,3.4,2,0,5,70.6,CN(C)CCC(C1=CC=C(C=C1)Cl)C2=CC=CC=N2,CC(CC1=CC2=C(C=C1)OCCO2)NC,C=C(C(=O)O)C(F)(F)F
Picolinamide,122.12,1,MAA,72.09,4.5,EGDMA,142.18,10,24,0.2,2,1,1.02,1.71,C1=CC=NC(=C1)C(=O)N,CC(=C)C(=O)OCCOC(=O)C(=C)C,CN.C1=CC(=O)OC1=O
Nicotinamide,122.12,1,MAA,72.09,4.5,EGDMA,142.18,10,0.01,-0.4,2,1,4.94,13.1,,CC(=C)C(=O)OCCOC(=O)C(=C)C,CN.C1=CC(=O)OC1=O
p - hydroxybenzoic acid,138.12,1,AAm,71.08,4,EGDMA,142.18,20,5,1.6,3,2,4.17,2.75,C1=CC(=CC=C1C(=O)O)O,CC(=C)C(=O)OCCOC(=O)C(=C)C,C=CC(=O)N
p - hydroxyphenylacetic acid ,152.15,1,AAm,71.08,4,EGDMA,142.18,20,60.7,0.8,3,2,4.51,1.85,C1=CC(=CC=C1CC(=O)O)O,CC(=C)C(=O)OCCOC(=O)C(=C)C,C=CC(=O)N
p - hydroxyphenylpropionic acid,152.15,1,AAm,71.08,4,EGDMA,142.18,20,50,1.2,3,2,5.1,1.02,C1=CC(=CC=C1CCC(=O)O)O,CC(=C)C(=O)OCCOC(=O)C(=C)C,C=CC(=O)N
Quercetin,302.23,0.8,AAm,71.08,4,EDMA,207.27,40,0.06,1.5,7,5,18.7,48.6,C1=CC(=C(C=C1C2=C(C(=O)C3=C(C=C(C=C3O2)O)O)O)O)O,CC(CC1=CC2=C(C=C1)OCCO2)NC,C=CC(=O)N
Histamine,111.15,1,MAA,72.09,4,EDMA,207.27,20,14.1,-0.7,2,2,4.37,5.64,C1=C(NC=N1)CCN,CC(CC1=CC2=C(C=C1)OCCO2)NC,CN.C1=CC(=O)OC1=O
Dienestrol,266.3,1,MAA,72.09,6,EDMA,207.27,30,3,5.4,2,2,1.69,0.22,C/C=C(/C(=C/C)/C1=CC=C(C=C1)O)\C2=CC=C(C=C2)O,CC(CC1=CC2=C(C=C1)OCCO2)NC,CN.C1=CC(=O)OC1=O
Gentisic acid,154.12,1,AAm,71.08,6,EGDMA,142.18,30,0.05,1.6,4,3,1.99,8.23,C1=CC(=C(C=C1O)C(=O)O)O,CC(=C)C(=O)OCCOC(=O)C(=C)C,C=CC(=O)N
"2,4,5 - trichlorophenoxyacetic - acid",255.5,2.35,4 - VP,86.11,2.35,EDMA,207.27,15.7,0.001,3.3,3,1,9.98,4.39,C1=C(C(=CC(=C1Cl)Cl)Cl)OCC(=O)O,CC(CC1=CC2=C(C=C1)OCCO2)NC,C=CC1=CC=C(C=C1)O
Chloramphenicol,323.13,1,2 - DAEMA,157.21,3,EGDMA,142.18,30,0.025,1.1,5,3,4.95,12.83,C1=CC(=CC=C1[C@H]([C@@H](CO)NC(=O)C(Cl)Cl)O)[N+](=O)[O-],CC(=C)C(=O)OCCOC(=O)C(=C)C,
Chloramphenicol,323.13,2,2 - VP,84.11,7,EGDMA,142.18,30,0.025,1.1,5,3,22.02,13.21,C1=CC(=CC=C1[C@H]([C@@H](CO)NC(=O)C(Cl)Cl)O)[N+](=O)[O-],CC(=C)C(=O)OCCOC(=O)C(=C)C,P#[V]
Chloramphenicol,323.13,1,AA,71.08,2,EGDMA,142.18,30,0.025,1.1,5,3,1.38,4.22,C1=CC(=CC=C1[C@H]([C@@H](CO)NC(=O)C(Cl)Cl)O)[N+](=O)[O-],CC(=C)C(=O)OCCOC(=O)C(=C)C,
Cholesterol,386.7,1.5,MEP,192.11,3,EGDMA,142.18,30,0.095,8.7,1,1,2.47,15.8,C[C@H](CCCC(C)C)[C@H]1CC[C@@H]2[C@@]1(CC[C@H]3[C@H]2CC=C4[C@@]3(CC[C@@H](C4)O)C)C,CC(=C)C(=O)OCCOC(=O)C(=C)C,CC1=CN(C(=O)NC1=O)[C@H]2[C@H]([C@@H]([C@H](O2)COP(=O)(C)O)N=[N+]=[N-])F
Sulfamethazine,278.33,1,MAA,72.09,4,EGDMA,142.18,20,1500,0.3,6,2,1.92,2.4,CC1=CC(=NC(=N1)NS(=O)(=O)C2=CC=C(C=C2)N)C,CC(=C)C(=O)OCCOC(=O)C(=C)C,CN.C1=CC(=O)OC1=O
Sulfamethoxazole,253.28,1,MAA,72.09,4,EGDMA,142.18,20,610,0.9,6,2,1.08,1.08,CC1=CC(=NO1)NS(=O)(=O)C2=CC=C(C=C2)N,CC(=C)C(=O)OCCOC(=O)C(=C)C,CN.C1=CC(=O)OC1=O
Sulfamethazine,278.33,1,AAm,71.08,4,EGDMA,142.18,20,1500,0.3,6,2,0.91,1.25,CC1=CC(=NC(=N1)NS(=O)(=O)C2=CC=C(C=C2)N)C,CC(=C)C(=O)OCCOC(=O)C(=C)C,C=CC(=O)N
Sulfamethoxazole,253.28,1,AAm,71.08,4,EGDMA,142.18,20,610,0.9,6,2,1.17,1.47,CC1=CC(=NO1)NS(=O)(=O)C2=CC=C(C=C2)N,CC(=C)C(=O)OCCOC(=O)C(=C)C,C=CC(=O)N
Sulfamethazine,278.33,1,4 - VP,86.11,4,EGDMA,142.18,20,1500,0.3,6,2,1.5,0.36,CC1=CC(=NC(=N1)NS(=O)(=O)C2=CC=C(C=C2)N)C,CC(=C)C(=O)OCCOC(=O)C(=C)C,C=CC1=CC=C(C=C1)O
Sulfamethoxazole,253.28,1,4 - VP,86.11,4,EGDMA,142.18,20,610,0.9,6,2,4.05,1.5,CC1=CC(=NO1)NS(=O)(=O)C2=CC=C(C=C2)N,CC(=C)C(=O)OCCOC(=O)C(=C)C,C=CC1=CC=C(C=C1)O
Cortisol,362.5,0.436,MAA,72.09,4.36,EGDMA,142.18,39.2,320,1.6,5,3,9.71,4.37,[3H]C1[C@H]2[C@@H]3CC[C@@]([C@]3(C[C@@H]([C@@H]2[C@]4(C(C(C(=O)C=C4C1[3H])[3H])[3H])C)O)C)(C(=O)CO)O,CC(=C)C(=O)OCCOC(=O)C(=C)C,CN.C1=CC(=O)OC1=O
Indoleacetic acid,175.18,1.9,MAA,72.09,7.6,EGDMA,142.18,38,0.015,1.4,2,2,1.55,13,C1=CC=C2C(=C1)C(=CN2)CC(=O)O,CC(=C)C(=O)OCCOC(=O)C(=C)C,CN.C1=CC(=O)OC1=O
Indoleacetic acid,175.18,1.5,"N , N - DMAEMA",157.21,6,EGDMA,142.18,30,0.015,1.4,2,2,1.47,50,C1=CC=C2C(=C1)C(=CN2)CC(=O)O,CC(=C)C(=O)OCCOC(=O)C(=C)C,CC(=C)C(=O)OCCN(C)C
Alloxan,142.07,0.5,"2,6 - BAAP",217.22,1,EGDMA,142.18,20,-1,4,2,,1.86,4.88,1(=O)C(=O)NC(=O)NC1=O,CC(=C)C(=O)OCCOC(=O)C(=C)C,C1=CC=C(C=C1)CNC2=NC=NC3=C2NC=N3
Cyclobarbital,236.27,0.5,"2,6 - BAAP",217.22,1,EGDMA,142.18,20,8.27,1.8,3,2,36.47,12.4,CCC1(C(=O)NC(=O)NC1=O)C2=CCCCC2,CC(=C)C(=O)OCCOC(=O)C(=C)C,C1=CC=C(C=C1)CNC2=NC=NC3=C2NC=N3
Hexobarbital,236.27,0.5,"2,6 - BAAP",217.22,1,EGDMA,142.18,20,435,1.5,3,1,7.24,2.46,CC1(C(=O)NC(=O)N(C1=O)C)C2=CCCCC2,CC(=C)C(=O)OCCOC(=O)C(=C)C,C1=CC=C(C=C1)CNC2=NC=NC3=C2NC=N3
2 - nitrophenol,139.11,0.278,4 - VP,86.11,0.835,EDMA,207.27,4.19,2100,1.8,3,1,0.8,0.04,C1=CC=C(C(=C1)[N+](=O)[O-])O,CC(CC1=CC2=C(C=C1)OCCO2)NC,C=CC1=CC=C(C=C1)O
3 - nitrophenol,139.11,0.278,4 - VP,86.11,0.835,EDMA,207.27,4.19,13550,2,3,1,1.46,0.6,C1=CC(=CC(=C1)O)[N+](=O)[O-],CC(CC1=CC2=C(C=C1)OCCO2)NC,C=CC1=CC=C(C=C1)O
4 - nitrophenol,139.11,0.278,4 - VP,86.11,0.835,EDMA,207.27,4.19,32.8,1.9,3,1,2.92,1.9,C1=CC(=CC=C1[N+](=O)[O-])O,CC(CC1=CC2=C(C=C1)OCCO2)NC,C=CC1=CC=C(C=C1)O
Cinchonidine,294.4,0.6,DBOMAT,104.53,1.81,EGDMA,142.18,48.2,0.25,2.7,3,1,2.88,0.92,C=C[C@H]1CN2CC[C@H]1C[C@H]2[C@@H](C3=CC=NC4=CC=CC=C34)O,CC(=C)C(=O)OCCOC(=O)C(=C)C,
Cinchonine,294.4,0.6,DBOMAT,104.53,1.81,EGDMA,142.18,48.2,0.25,2.7,3,1,6.5,1.56,C=C[C@H]1CN2CC[C@H]1C[C@H]2[C@@H](C3=CC=NC4=CC=CC=C34)O,CC(=C)C(=O)OCCOC(=O)C(=C)C,
E - Piceatannol,244.24,1,4 - VP,86.11,5,EGDMA,142.18,40,50,2.9,4,4,4.74,9.71,C1=CC(=C(C=C1/C=C/C2=CC(=CC(=C2)O)O)O)O,CC(=C)C(=O)OCCOC(=O)C(=C)C,C=CC1=CC=C(C=C1)O
Quercetin,302.23,1,4 - VP,86.11,5,EGDMA,142.18,40,0.06,1.5,7,5,3.37,6.98,C1=CC(=C(C=C1C2=C(C(=O)C3=C(C=C(C=C3O2)O)O)O)O)O,CC(=C)C(=O)OCCOC(=O)C(=C)C,C=CC1=CC=C(C=C1)O
Terbutylazine,229.71,1,MAA,72.09,4,EDMA,207.27,20,9,3.1,5,2,15,18,CCNC1=NC(=NC(=N1)Cl)NC(C)(C)C,CC(CC1=CC2=C(C=C1)OCCO2)NC,CN.C1=CC(=O)OC1=O
p - hydroxybenzoic acid,138.12,1,4 - VP,86.11,4,EGDMA,142.18,20,5,1.6,3,2,14.29,45,C1=CC(=CC=C1C(=O)O)O,CC(=C)C(=O)OCCOC(=O)C(=C)C,C=CC1=CC=C(C=C1)O
p - hydroxyphenylacetic acid .,152.15,1,4 - VP,86.11,4,EGDMA,142.18,20,60.7,0.8,3,2,3.69,7.02,C1=CC(=CC=C1CC(=O)O)O,CC(=C)C(=O)OCCOC(=O)C(=C)C,C=CC1=CC=C(C=C1)O
p - hydroxyphenylpropionic acid,152.15,1,4 - VP,86.11,4,EGDMA,142.18,20,50,1.2,3,2,2.87,4.91,C1=CC(=CC=C1CCC(=O)O)O,CC(=C)C(=O)OCCOC(=O)C(=C)C,C=CC1=CC=C(C=C1)O
Salicylaldehyde,122.12,1,4 - VP,86.11,4,EDMA,207.27,20,17,1.8,2,1,4.47,2.28,C1=CC=C(C(=C1)C=O)O,CC(CC1=CC2=C(C=C1)OCCO2)NC,C=CC1=CC=C(C=C1)O
Testosterone,288.4,1,MAA,72.09,8,EGDMA,142.18,25,23.4,3.3,2,1,11.38,6.03,C1=CC=C(C(=C1)C=O)O,CC(=C)C(=O)OCCOC(=O)C(=C)C,CN.C1=CC(=O)OC1=O
Testosterone,288.4,1,2 - DAEMA,157.21,4,EGDMA,142.18,25,23.4,3.3,2,1,1,0.46,C1=CC=C(C(=C1)C=O)O,CC(=C)C(=O)OCCOC(=O)C(=C)C,
B - estradiol,272.4,0.69,2 - DAEMA,157.21,4,EGDMA,142.18,25,3.6,4,2,2,1.07,2.78,C[C@]12CC[C@H]3[C@H]([C@@H]1CC[C@@H]2O)CCC4=C3C=CC(=C4)O,CC(=C)C(=O)OCCOC(=O)C(=C)C,
Testosterone - propionate,288.4,0.69,2 - DAEMA,157.21,4,EGDMA,142.18,25,1.48,4.4,3,0,1,0.33,CCC(=O)O[C@H]1CC[C@@H]2[C@@]1(CC[C@H]3[C@H]2CCC4=CC(=O)CC[C@]34C)C,CC(=C)C(=O)OCCOC(=O)C(=C)C,
Progesterone,314.5,0.65,2 - DAEMA,157.21,4,EGDMA,142.18,25,8.81,3.9,2,0,1,0.27,CC(=O)[C@H]1CC[C@@H]2[C@@]1(CC[C@H]3[C@H]2CCC4=CC(=O)CC[C@]34C)C,CC(=C)C(=O)OCCOC(=O)C(=C)C,
Estrone .,270.4,0.67,2 - DAEMA,157.21,4,EGDMA,142.18,25,76,3.1,2,1,1.12,1.92,C[C@]12CC[C@H]3[C@H]([C@@H]1CCC2=O)CCC4=C3C=CC(=C4)O,CC(=C)C(=O)OCCOC(=O)C(=C)C,
Testosterone,288.4,1,MAA,72.09,8,EGDMA,142.18,25,23.4,3.3,2,1,3.58,4.51,C[C@]12CC[C@H]3[C@H]([C@@H]1CC[C@@H]2O)CCC4=CC(=O)CC[C@]34C,CC(=C)C(=O)OCCOC(=O)C(=C)C,CN.C1=CC(=O)OC1=O
B - estradiol,272.4,0.36,MAA,72.09,8,EGDMA,142.18,25,3.6,4,2,2,1.28,1.52,C[C@]12CC[C@H]3[C@H]([C@@H]1CC[C@@H]2O)CCC4=C3C=CC(=C4)O,CC(=C)C(=O)OCCOC(=O)C(=C)C,CN.C1=CC(=O)OC1=O
Testosterone - propionate,288.4,0.36,MAA,72.09,8,EGDMA,142.18,25,1.48,4.4,3,0,1.28,0.59,CCC(=O)O[C@H]1CC[C@@H]2[C@@]1(CC[C@H]3[C@H]2CCC4=CC(=O)CC[C@]34C)C,CC(=C)C(=O)OCCOC(=O)C(=C)C,CN.C1=CC(=O)OC1=O
Progesterone,314.5,0.37,MAA,72.09,8,EGDMA,142.18,25,8.81,3.9,2,0,1.34,0.79,CC(=O)[C@H]1CC[C@@H]2[C@@]1(CC[C@H]3[C@H]2CCC4=CC(=O)CC[C@]34C)C,CC(=C)C(=O)OCCOC(=O)C(=C)C,CN.C1=CC(=O)OC1=O
Estrone,270.4,0.32,MAA,72.09,8,EGDMA,142.18,25,76,3.1,2,0,1.15,0.53,C[C@]12CC[C@H]3[C@H]([C@@H]1CCC2=O)CCC4=C3C=CC(=C4)O,CC(=C)C(=O)OCCOC(=O)C(=C)C,CN.C1=CC(=O)OC1=O
4 - chlorophenol,128.55,2.02,4 - VP,86.11,8.07,EGDMA,142.18,40.36,27,2.4,1,1,1.42,1.01,C1=CC(=CC=C1O)Cl,CC(=C)C(=O)OCCOC(=O)C(=C)C,C=CC1=CC=C(C=C1)O
Bisphenol A,228.29,2,4 - VP,86.11,7,EDMA,207.27,25,,3.3,2,2,7.71,6.17,CC(C)(C1=CC=C(C=C1)O)C2=CC=C(C=C2)O,CC(CC1=CC2=C(C=C1)OCCO2)NC,C=CC1=CC=C(C=C1)O
Benzo [ a ] pyrene,252.3,0.5,4 - VP,86.11,4,EDMA,207.27,20,10,6,0,0,8.52,11.59,C1=CC=C2C3=C4C(=CC2=C1)C=CC5=C4C(=CC=C5)C=C3,CC(CC1=CC2=C(C=C1)OCCO2)NC,C=CC1=CC=C(C=C1)O
Phenytoin,252.27,1,MAA,72.09,4,EDMA,207.27,20,32,2.5,2,2,5.51,7.16,C1=CC=C(C=C1)C2(C(=O)NC(=O)N2)C3=CC=CC=C3,CC(CC1=CC2=C(C=C1)OCCO2)NC,CN.C1=CC(=O)OC1=O
Bentazone,240.28,0.416,MAA,72.09,1.67,EGDMA,142.18,30,500,2.8,4,1,1.05,0.84,CC(C)N1C(=O)C2=CC=CC=C2NS1(=O)=O,CC(=C)C(=O)OCCOC(=O)C(=C)C,CN.C1=CC(=O)OC1=O
Bentazone,240.28,0.416,4 - VP,86.11,1.67,EGDMA,142.18,30,500,2.8,4,1,1.46,11.8,CC(C)N1C(=O)C2=CC=CC=C2NS1(=O)=O,CC(=C)C(=O)OCCOC(=O)C(=C)C,C=CC1=CC=C(C=C1)O
Ephedrine,165.23,1,MAA,72.09,10,EGDMA,142.18,50,63600,0.9,2,2,2.87,9.46,C[C@@H]([C@@H](C1=CC=CC=C1)O)NC,CC(=C)C(=O)OCCOC(=O)C(=C)C,CN.C1=CC(=O)OC1=O
Ephedrine,165.23,1,2 - HEMA,130.14,10,EGDMA,142.18,50,63600,0.9,2,2,2.67,0.8,C[C@@H]([C@@H](C1=CC=CC=C1)O)NC,CC(=C)C(=O)OCCOC(=O)C(=C)C,CC(=C)C(=O)OCCO
Ephedrine,165.23,1,AAm,71.08,10,EGDMA,142.18,50,63600,0.9,2,2,1.85,2.59,C[C@@H]([C@@H](C1=CC=CC=C1)O)NC,CC(=C)C(=O)OCCOC(=O)C(=C)C,C=CC(=O)N
Ephedrine,165.23,1,2 - VP,84.11,10,EGDMA,142.18,50,63600,0.9,2,2,1,0.1,C[C@@H]([C@@H](C1=CC=CC=C1)O)NC,CC(=C)C(=O)OCCOC(=O)C(=C)C,P#[V]
11x - hydroxyprogesterone,330.5,1,MAA,72.09,12,EDMA,207.27,60,0.00648,3.2,3,1,19.84,6.15,CC(=O)[C@H]1CC[C@@H]2[C@@]1(C[C@H]([C@H]3[C@H]2CCC4=CC(=O)CC[C@]34C)O)C,CC(CC1=CC2=C(C=C1)OCCO2)NC,CN.C1=CC(=O)OC1=O
Corticosterone,346.5,7,MAA,72.09,12,EDMA,207.27,60,0.199,1.9,4,2,20.63,6.6,C[C@]12CCC(=O)C=C1CC[C@@H]3[C@@H]2[C@H](C[C@]4([C@H]3CC[C@@H]4C(=O)CO)C)O,CC(CC1=CC2=C(C=C1)OCCO2)NC,CN.C1=CC(=O)OC1=O
Hexestrol,270.4,0.005,2 - DAEMA,157.21,0.03,TRIM,338.4,0.03,42,5.2,2,,6.39,2.797,CC[C@H](C1=CC=C(C=C1)O)[C@@H](CC)C2=CC=C(C=C2)O,,
5 - fluorouracil,130.08,1.4,"2,6 - BAP",217.22,1.4,EGDMA,142.18,28,1,-0.9,3,2,23,6.9,C1=C(C(=O)NC(=O)N1)F,CC(=C)C(=O)OCCOC(=O)C(=C)C,C1=CC=C(C=C1)CNC2=NC=NC3=C2NC=N3
1 - ethoxymethyl - 5 - fluorouracil,188.16,1.4,"2,6 - BAAP",217.22,1.4,EGDMA,142.18,28,12.2,-0.5,4,1,7.3,2.2,CCOCN1C=C(C(=O)N(C1=O)C(=O)C2=CC(=CC=C2)C(=O)OC3=C(C=CC(=N3)OC(=O)C4=CC=CC=C4)C#N)F,CC(=C)C(=O)OCCOC(=O)C(=C)C,C1=CC=C(C=C1)CNC2=NC=NC3=C2NC=N3
Uracil,112.09,1.4,"2,6 - BAAP",217.22,1.4,EGDMA,142.18,28,1,-1.1,2,2,,,C1=CNC(=O)NC1=O,CC(=C)C(=O)OCCOC(=O)C(=C)C,C1=CC=C(C=C1)CNC2=NC=NC3=C2NC=N3
Bupivacaine,288.4,1.39,MAA,72.09,16.7,EGDMA,142.18,76,2400,3.4,2,1,,,CCCCN1CCCCC1C(=O)NC2=C(C=CC=C2C)C,CC(=C)C(=O)OCCOC(=O)C(=C)C,CN.C1=CC(=O)OC1=O
d-Brompheniramine,319.24,1.4,MAA,72.09,2,EGDMA,142.18,25,1.27,3.5,2,0,13.83,41.5,CN(C)CCC(C1=CC=C(C=C1)Br)C2=CC=CC=N2,CC(=C)C(=O)OCCOC(=O)C(=C)C,CN.C1=CC(=O)OC1=O
Atropine,289.4,0.346,2-TFMAA,140.6,5,EGDMA,142.18,25,66.7,1.8,4,1,2.18,3.7,CN1[C@@H]2CC[C@H]1CC(C2)OC(=O)C(CO)C3=CC=CC=C3,CC(=C)C(=O)OCCOC(=O)C(=C)C,C=C(C(=O)O)C(F)(F)F
17-Beta-estradiol,272.4,1,TFMAA,140.6,2,EGDMA,142.18,20,3.6,4,2,2,1.59,,C[C@]12CC[C@H]3[C@H]([C@@H]1CC[C@@H]2O)CCC4=C3C=CC(=C4)O,CC(=C)C(=O)OCCOC(=O)C(=C)C,C=C(C(=O)O)C(F)(F)F
17-Beta-estradiol,272.4,1,MAA,72.09,8,EGDMA,142.18,25,3.6,4,2,2,1.4,,C[C@]12CC[C@H]3[C@H]([C@@H]1CC[C@@H]2O)CCC4=C3C=CC(=C4)O,CC(=C)C(=O)OCCOC(=O)C(=C)C,CN.C1=CC(=O)OC1=O
17-Beta-estradiol,272.4,0.69,DEAEMA,157.21,7,EGDMA,142.18,25,3.6,4,2,2,1.38,,C[C@]12CC[C@H]3[C@H]([C@@H]1CC[C@@H]2O)CCC4=C3C=CC(=C4)O,CC(=C)C(=O)OCCOC(=O)C(=C)C,
17-Beta-estradiol,272.4,1,MAA,72.09,8,EGDMA,142.18,25,3.6,4,2,2,1.32,,C[C@]12CC[C@H]3[C@H]([C@@H]1CC[C@@H]2O)CCC4=C3C=CC(=C4)O,CC(=C)C(=O)OCCOC(=O)C(=C)C,CN.C1=CC(=O)OC1=O
17-Beta-estradiol,272.4,2,4-VP,86.11,14,EGDMA,142.18,25,3.6,4,2,2,1.25,,C[C@]12CC[C@H]3[C@H]([C@@H]1CC[C@@H]2O)CCC4=C3C=CC(=C4)O,CC(=C)C(=O)OCCOC(=O)C(=C)C,C=CC1=CC=NC=C1
17-Beta-estradiol,272.4,1,2-VP,84.11,4,EGDMA,142.18,10,3.6,4,2,2,1.24,,C[C@]12CC[C@H]3[C@H]([C@@H]1CC[C@@H]2O)CCC4=C3C=CC(=C4)O,CC(=C)C(=O)OCCOC(=O)C(=C)C,P#[V]
17-Beta-estradiol,272.4,1,NVP,111.13,8,EGDMA,142.18,30,3.6,4,2,2,1.03,,C[C@]12CC[C@H]3[C@H]([C@@H]1CC[C@@H]2O)CCC4=C3C=CC(=C4)O,CC(=C)C(=O)OCCOC(=O)C(=C)C,C1CN(C1)CC2CC(C2)N3C=C(C4=C(N=CN=C43)N)C5=CC(=CC=C5)OCC6=CC=CC=C6
17-Beta-estradiol,272.4,1,MAA,72.09,8,EGDMA,142.18,25,3.6,4,2,2,0.98,,C[C@]12CC[C@H]3[C@H]([C@@H]1CC[C@@H]2O)CCC4=C3C=CC(=C4)O,CC(=C)C(=O)OCCOC(=O)C(=C)C,CN.C1=CC(=O)OC1=O
17-Beta-estradiol,272.4,2,HEMA,72.09,7.6,EGDMA,142.18,25,3.6,4,2,2,0.83,,C[C@]12CC[C@H]3[C@H]([C@@H]1CC[C@@H]2O)CCC4=C3C=CC(=C4)O,CC(=C)C(=O)OCCOC(=O)C(=C)C,CC(=C)C(=O)OCCO
Glucose ,180.16,1.5,MAA,72.09,7,EGDMA,142.18,25,909,-2.6,6,5,3.13,2.5,C([C@@H]1[C@H]([C@@H]([C@H](C(O1)O)O)O)O)O,CC(=C)C(=O)OCCOC(=O)C(=C)C,CN.C1=CC(=O)OC1=O
Glucose ,180.16,1.5,AA,71.08,2,EGDMA,142.18,25,909,-2.6,6,5,2.33,2.1,C([C@@H]1[C@H]([C@@H]([C@H](C(O1)O)O)O)O)O,CC(=C)C(=O)OCCOC(=O)C(=C)C,
Ibuprofen ,206.28,2,AA,71.08,7,EGDMA,142.18,30,21,3.5,2,1,3.2,3.2,CC(C)CC1=CC=C(C=C1)C(C)C(=O)O,CC(=C)C(=O)OCCOC(=O)C(=C)C,
Aspirin  ,180.16,2.02,4-VP,86.11,6,EGDMA,142.18,30,10,1.2,4,1,4.22,3.8,CC(=O)OC1=CC=CC=C1C(=O)O,CC(=C)C(=O)OCCOC(=O)C(=C)C,C=CC1=CC=NC=C1
Dopamine,153.18,1,4-VP,86.11,6,EGDMA,142.18,30,600,-1,3,3,5.13,4.1,C1=CC(=C(C=C1CCN)O)O,CC(=C)C(=O)OCCOC(=O)C(=C)C,C=CC1=CC=NC=C1
 Serine,105.19,1,MAA,72.09,2,EGDMA,142.18,30,425,-3.1,4,3,4.67,2.8,C([C@@H](C(=O)O)N)O,CC(=C)C(=O)OCCOC(=O)C(=C)C,CN.C1=CC(=O)OC1=O
Paracetmol,151.16,10,MAA,72.09,8,EGDMA,142.08,40,1,0.5,2,2,4,3.2,CC(=O)NC1=CC=C(C=C1)O,CC(=C)C(=O)OCCOC(=O)C(=C)C,CN.C1=CC(=O)OC1=O
Paracetmol,151.16,10,AA,71.08,8,EGDMA,142.08,40,1,0.5,2,2,5.14,2.8,CC(=O)NC1=CC=C(C=C1)O,CC(=C)C(=O)OCCOC(=O)C(=C)C,
Tegafur,200.17,5,MAA,72.09,4,EGDMA,142.08,20,29.9,-0.3,4,1,25.3,12.65,C1CC(OC1)N2C=C(C(=O)NC2=O)F,CC(=C)C(=O)OCCOC(=O)C(=C)C,CN.C1=CC(=O)OC1=O
5-FU,130.08,1,AA,71.08,4,EDMA,207.27,20,1,-0.9,3,2,8.2,4.3,C1=C(C(=O)NC(=O)N1)F,,
Caffeine,94.19,1,MAA,72.09,4,EDMA,207.27,20,20,-0.1,3,0,1.2,1.9,CN1C=NC2=C1C(=O)N(C(=O)N2C)C,,CN.C1=CC(=O)OC1=O
Thyroxin,776.87,0.9,AA,71.08,1,EDMA,207.27,20,0.105,2.4,5,3,1,1.3,C1=C(C=C(C(=C1I)OC2=CC(=C(C(=C2)I)O)I)I)C[C@@H](C(=O)O)N,,
Carbamazeoine,202.3,2,4-VP,86.11,1,EGDMA,142.18,10,25,2.5,1,1,2.3,0.3,C1=CC=C2C(=C1)C=CC3=CC=CC=C3N2C(=O)N,CC(=C)C(=O)OCCOC(=O)C(=C)C,C=CC1=CC=NC=C1
9-Isobutyleadenine,191.23,1,MAA,72.09,1.5,EGDMA,142.18,25,2.6,-0.7,8,2,2.3,0.3,CC(C)CN1C=NC2=C(N=CN=C21)N,CC(=C)C(=O)OCCOC(=O)C(=C)C,CN.C1=CC(=O)OC1=O
Ibuprofen,206.28,0.5,AA,71.08,7,EGDMA,142.18,25,21,3.5,2,1,1.4,0.2,CC(C)CC1=CC=C(C=C1)C(C)C(=O)O,CC(=C)C(=O)OCCOC(=O)C(=C)C,
Theophylline,180.16,1,4-VP,86.11,7,EGDMA,142.18,15,27,0,3,1,1.4,0.2,CN1C2=C(C(=O)N(C1=O)C)NC=N2,CC(=C)C(=O)OCCOC(=O)C(=C)C,C=CC1=CC=NC=C1
Ephedrine,165.32,1,MAA,72.09,8,EGDMA,142.18,20,63600,0.9,2,2,1,1,C[C@@H]([C@@H](C1=CC=CC=C1)O)NC,CC(=C)C(=O)OCCOC(=O)C(=C)C,CN.C1=CC(=O)OC1=O
Serotonin,176.21,1,MAA,72.09,1.5,EGDMA,142.18,10,25.5,0.2,3,2,5.13,4.1,C1=CC2=C(C=C1O)C(=CN2)CCN,CC(=C)C(=O)OCCOC(=O)C(=C)C,CN.C1=CC(=O)OC1=O
Glutamate,147.13,1,4-VP,86.11,1,EDMA,207.27,10,8570,-3.7,5,3,5.57,3.9,C(CC(=O)[O-])C(C(=O)[O-])[NH3+],,C=CC1=CC=NC=C1
Glutamate,147.13,1,AA,71.08,1,EDMA,207.27,25,8570,-3.7,5,3,4.25,3.4,C(CC(=O)[O-])C(C(=O)[O-])[NH3+],,
Serine,105.09,0.36,MAA,72.09,10,EDMA,207.27,15,425000,-3.1,5,3,4.67,2.8,C([C@@H](C(=O)O)N)O,,CN.C1=CC(=O)OC1=O
Serine,105.09,0.36,MAA,72.09,10,EDMA,207.27,10,425000,-3.1,5,3,3.29,2.8,C([C@@H](C(=O)O)N)O,,CN.C1=CC(=O)OC1=O
Valine,117.15,2,4-VP,86.11,10,EDMA,207.27,20,58.5,-2.3,3,2,5.71,4,CC(C)[C@@H](C(=O)O)N,,C=CC1=CC=NC=C1
Histidine,155.15,1,MAA,72.09,8,EDMA,207.27,15,45.6,-3.2,4,3,5.5,3.3,C1=C(NC=N1)C[C@@H](C(=O)O)N,,CN.C1=CC(=O)OC1=O
Arginine,174.2,3,AA,71.08,8,EDMA,207.27,25,182,-4.2,4,4,3,3,C(C[C@@H](C(=O)O)N)CN=C(N)N,,
Lysine,146.19,3,MAA,72.09,8,EDMA,207.27,25,1000,-3,4,3,5.17,3.1,C(CCN)C[C@@H](C(=O)O)N,,CN.C1=CC(=O)OC1=O
Lysine,146.19,3,AA,71.08,5,EGDMA,142.18,25,1000,-3,4,3,3.57,2.5,C(CCN)C[C@@H](C(=O)O)N,CC(=C)C(=O)OCCOC(=O)C(=C)C,
Dopamine,153.18,1,4-VP,86.11,5,EGDMA,142.18,30,535,-1,3,3,5.13,4.1,C1=CC(=C(C=C1CCN)O)O,CC(=C)C(=O)OCCOC(=O)C(=C)C,C=CC1=CC=NC=C1
Dopamine,153.18,1,MAA,72.09,5,EGDMA,142.18,40,535,-1,3,3,3.67,3.3,C1=CC(=C(C=C1CCN)O)O,CC(=C)C(=O)OCCOC(=O)C(=C)C,CN.C1=CC(=O)OC1=O
Phenylalanine,165.19,2,AA,71.08,5,EGDMA,142.18,40,26.9,-1.5,3,2,3.86,2.7,C1=CC=C(C=C1)C[C@@H](C(=O)O)N,CC(=C)C(=O)OCCOC(=O)C(=C)C,
Pyrazinamide,123.11,0.081,AA,71.08,8,EDC,191.7,,18.5,-0.6,3,1,2.02,,C1=CN=C(C=N1)C(=O)N,,
Nicotinamide,122.12,0.819,GMA,142.15,10, EGDMA ,142.18,25,2.8,-0.4,2,1,2.15,,C1=CC(=CN=C1)C(=O)N,CC(=C)C(=O)OCCOC(=O)C(=C)C,CC(=C)C(=O)OCC1CO1
Isoniazid,137.14,0.729,HEMA,130.14,7.6,EGDMA,142.18,25,13.7,-0.7,3,2,1.98,,C1=CN=CC=C1C(=O)NN,CC(=C)C(=O)OCCOC(=O)C(=C)C,CC(=C)C(=O)OCCO
Isonicotinic acid,153.14,0.892,EGDMA,142.18,17, AIBN,164.21,19,1,0.4,3,1,2.08,,C1=CN=CC=C1C(=O)O,,
 Isonicotinonitrile,104.12,7.12,PAA,72.06,6,EGDMA ,142.18,25,0.5,0.5,2,0,2.12,,CC(C1=NC=CC(=C1)C#N)O,CC(=C)C(=O)OCCOC(=O)C(=C)C,CC(=O)OO
 Uracil,112.1,0.92,AA,71.08,8,EGDMA ,142.18,25,3.6,-1.1,2,2,2.01,,C1=CNC(=O)NC1=O,CC(=C)C(=O)OCCOC(=O)C(=C)C,
Pyrimidine,80.09,1.249,AA,71.08,8,EGDMA ,142.18,25,,-0.4,2,0,2.02,,C1=CN=CN=C1,CC(=C)C(=O)OCCOC(=O)C(=C)C,
 Benzimidazole,118.15,0.084,MAA,72.09,4.5,EGDMA ,142.18,25,17.7,1.3,1,1,2.04,,C1=CC=C2C(=C1)NC=N2,CC(=C)C(=O)OCCOC(=O)C(=C)C,CN.C1=CC(=O)OC1=O
 Pyridine,79.1,1.265,MAA,72.09,8,EGDMA ,142.18,40,100,0.7,1,0,2.06,,C1=CC=NC=C1,CC(=C)C(=O)OCCOC(=O)C(=C)C,CN.C1=CC(=O)OC1=O
Quercetin,302.24,0.331,4 - VP,86.11,1.67,EGDMA ,142.18,25,0.6,1.5,7,5,3.37,,C1=CC(=C(C=C1C2=C(C(=O)C3=C(C=C(C=C3O2)O)O)O)O)O,CC(=C)C(=O)OCCOC(=O)C(=C)C,C=CC1=CC=NC=C1
Atropine,289.37,0.346,2-TFMAA,140.6,5,EGDMA ,142.18,25,43.4,1.8,4,1,2.18,,CN1[C@@H]2CC[C@H]1CC(C2)OC(=O)C(CO)C3=CC=CC=C3,CC(=C)C(=O)OCCOC(=O)C(=C)C,C=C(C(=O)O)C(F)(F)F
Estrone,270.37,0.369,MAA,72.09,8,EGDMA ,142.18,40,0.76,3.1,2,1,1.15,,C[C@]12CC[C@H]3[C@H]([C@@H]1CCC2=O)CCC4=C3C=CC(=C4)O,CC(=C)C(=O)OCCOC(=O)C(=C)C,CN.C1=CC(=O)OC1=O
 3-Isoxazolecarboxamide,111.09,0.799,NVP,111.13,8,EGDMA ,142.18,30,8.58,-0.4,3,1,2.07,,C1=CON=C1C(=O)N,CC(=C)C(=O)OCCOC(=O)C(=C)C,C1CN(C1)CC2CC(C2)N3C=C(C4=C(N=CN=C43)N)C5=CC(=CC=C5)OCC6=CC=CC=C6
 2-Pyridinecarboxylic Acid Amide,123.11,0.819,DMA,45.08,9,EGDMA ,142.18,25,18.5,0.2,4,1,2.03,,C1=CC=C(C(=C1)N)NC(=O)C2=CC=CC=N2,CC(=C)C(=O)OCCOC(=O)C(=C)C,CC(=O)N(C)C.CC(=O)N(C)C
" 1H-Pyrazolo[3,4-b]quinolin-4-amine",204.21,0.464, DMAEMA,157.21,9.7,EGDMA ,142.18,25,,1.5,3,2,2.11,,C1=CC=C2C(=C1)C=C3C=NNC3=N2,CC(=C)C(=O)OCCOC(=O)C(=C)C,CC(=C)C(=O)OCCN(C)C
 Isoxazole-4-carboxamide,113.1,0.799,AMPS,207.21,2,EGDMA ,142.18,25,0.11,2.5,6,1,2.12,,CC1=C(C=NO1)C(=O)NC2=CC=CC(=C2)C(F)(F)F,CC(=C)C(=O)OCCOC(=O)C(=C)C,
Nicotinic Acid Amide,122.12,0.819,GMA,142.15,10,EGDMA ,142.18,25,2.8,-0.4,2,1,2.07,,C1=CC(=CN=C1)C(=O)O,CC(=C)C(=O)OCCOC(=O)C(=C)C,CC(=C)C(=O)OCC1CO1
2-Methylpyridine-3-carboxamide,138.15,0.734,MAA,72.09,4.5,EDMA,207.27,20,50,0.1,2,1,1.85,,CC1=CC(=C(N=C1)C(=O)N)N,,CN.C1=CC(=O)OC1=O
4-Nitropyridine-3-carboxamide,167.12,0.609,AA,71.08,8,EGDMA ,142.18,25,0.303,1.5,4,1,1.92,,CCC1=CC(=NC=C1C(=O)NC(=O)C)[N+](=O)[O-],CC(=C)C(=O)OCCOC(=O)C(=C)C,
 3-Chloropyridine-3-carboxamide,162.56,0.59,GMA,142.15,10,EDMA,207.27,20,10,1,3,1,1.76,,C1=CC(=C(N=C1)C(=O)N)Cl,,CC(=C)C(=O)OCC1CO1
 2-Aminonicotinonitrile,123.11,0.84,MAH,119.14,2,EGDMA ,142.18,25,4.7,0.8,3,1,2.07,,C1=CC(=C(N=C1)N)C#N,CC(=C)C(=O)OCCOC(=O)C(=C)C,C1=CC(=O)OC1=O
"1-Methyl-1,2,3,4-tetrahydroisoquinoline-2-carboxamide",193.24,0.525,MBA,137.18,9.2,EGDMA ,142.18,76,,2.2,5,1,2.1,,CC1C2=CC=CC=C2CCN1,CC(=C)C(=O)OCCOC(=O)C(=C)C,C[C@H]1[C@@H]([C@H]([C@H]([C@@H](O1)OC2=C(OC3=CC(=CC(=C3C2=O)O)O)C4=CC(=C(C(=C4)O)O[C@H]5[C@@H]([C@H]([C@@H](CO5)O)O)O)O)O[C@H]6[C@@H]([C@H]([C@@H]([C@H](O6)COC(=O)/C=C/C7=CC(=C(C=C7)O)O)O)O)O)O)O
"3,5-Dimethylpyridine-3-carboxamide",149.16,0.665,DMAEMA,157.21,6.7,EGDMA ,142.18,25,33,0.8,2,1,1.9,,CC1=CN=CC(=C1C(=O)O)C,CC(=C)C(=O)OCCOC(=O)C(=C)C,CC(=C)C(=O)OCCN(C)C
4-Fluoropyridine-3-carboxamide,157.13,0.64,VBC,97.2,3.5,EGDMA ,142.18,40,3.82,-0.2,3,1,1.77,,C1=CN=CC(=C1C(=O)N)F,CC(=C)C(=O)OCCOC(=O)C(=C)C,C=CC(C1=CC=CC=C1)Cl
 2-Chloropyridine-3-carboxamide,157.58,0.631,PAA,72.06,6,EGDMA ,142.18,25,27,1.6,2,1,1.88,,C1=CC=C(C=C1)C2=CC=CC=C2NC(=O)C3=C(N=CC=C3)Cl,CC(=C)C(=O)OCCOC(=O)C(=C)C,CC(=O)OO
"3,5-Diisopropylpyridine-3-carboxamide",219.31,0.475,DMAEMA,157.21,4,EGDMA ,142.18,28,200,,,,3.18,,,CC(=C)C(=O)OCCOC(=O)C(=C)C,CC(=C)C(=O)OCCN(C)C
2-Iodopyridine-3-carboxamide,276.02,0.384,NVP,111.13,8,EGDMA ,142.18,25,0.365,0.4,2,1,3.08,,C1=CC(=C(N=C1)I)C(=O)O,CC(=C)C(=O)OCCOC(=O)C(=C)C,C1CN(C1)CC2CC(C2)N3C=C(C4=C(N=CN=C43)N)C5=CC(=CC=C5)OCC6=CC=CC=C6
3-Fluoropyridine-3-carboxamide,156.13,0.649,EGDMA,142.18,17,EGDMA ,142.18,30,23.2,0.6,3,1,2.1,,C1=CC(=C(N=C1)C(=O)N)F,CC(=C)C(=O)OCCOC(=O)C(=C)C,
 4-Bromopyridine-3-carboxamide,235.01,0.485,VBC,97.2,3.5,EGDMA ,142.18,25,3.89,1.1,2,1,3.05,,,CC(=C)C(=O)OCCOC(=O)C(=C)C,C=CC(C1=CC=CC=C1)Cl
4-Ethylpyridine-3-carboxamide,171.21,0.74,AA,71.08,8,EGDMA ,142.18,25,34,0.5,2,1,3.02,,,CC(=C)C(=O)OCCOC(=O)C(=C)C,
Sulfamethizole,270.33,0.1,EDOT,142.18,2,EGDGE,174.2,40,40.5,0.5,7,2,8.4,,CC1=NN=C(S1)NS(=O)(=O)C2=CC=C(C=C2)N,,C1C(OC2=CSC=C2O1)COCC(=O)NCCN3C(=O)C=CC3=O
Naltrexone,341.401,0.655,MAA,72.09,10,MBA,294.36,30,100,1.9,5,2,2.27,,C1CC1CN2CC[C@]34[C@@H]5C(=O)CC[C@]3([C@H]2CC6=C4C(=C(C=C6)O)O5)O,,CN.C1=CC(=O)OC1=O
"4-nitrophenol	",139.11,2.22,4-VP,105.14,4.5,EDMA,207.27,25,0.1,1.9,3,1,1.4,,C1=CC(=CC=C1[N+](=O)[O-])O,,C=CC1=CC=NC=C1
tyramine,137.179,,MAA,72.09,8,EGDMA,142.18,25,10.4,1.1,2,2,4.27,,C1=CC(=CC=C1CCN)O,CC(=C)C(=O)OCCOC(=O)C(=C)C,CN.C1=CC(=O)OC1=O
"2,3,7,8-tetra-chlorodibenzo-p-dioxin",322,0.665,"MAA,AAM,ITA,VP",,7,EGDMA,142.18,25,0.0002,6.4,2,0,2.371,,C1=C2C(=CC(=C1Cl)Cl)OC3=CC(=C(C=C3O2)Cl)Cl,CC(=C)C(=O)OCCOC(=O)C(=C)C,
Acetaminophen ,151.163,0.146,APTES,221.372,2,Glutaraldehyde,100.12,25,14,0.5,2,2,4.09,0.2,CC(=O)NC1=CC=C(C=C1)O,,CCO[Si](CCCN)(OCC)OCC
Codeine,299.364,10,APTES,221.372,9.2,Glutaraldehyde,100.12,20,0.57,1.1,1,4,4.16,1,CN1CC[C@]23[C@@H]4[C@H]1CC5=C2C(=C(C=C5)OC)O[C@H]3[C@H](C=C4)O,,CCO[Si](CCCN)(OCC)OCC
Cefoperazone ,645.67,7,MAA,72.09,6.7,EGDMA,142.18,25,50,-0.7,4,13,4.1,4.1,CCN1CCN(C(=O)C1=O)C(=O)N[C@H](C2=CC=C(C=C2)O)C(=O)N[C@H]3[C@@H]4N(C3=O)C(=C(CS4)CSC5=NN=NN5C)C(=O)O,CC(=C)C(=O)OCCOC(=O)C(=C)C,CN.C1=CC(=O)OC1=O
Cefazolin,454.51,0.5,MAA,72.09,1,EGDMA,142.18,20,50,-0.4,2,12,3.3,3.9,CC1=NN=C(S1)SCC2=C(N3[C@@H]([C@@H](C3=O)NC(=O)CN4C=NN=N4)SC2)C(=O)O,CC(=C)C(=O)OCCOC(=O)C(=C)C,CN.C1=CC(=O)OC1=O
cephalexin,347.39,0.29,MAA,72.09,10,EGDMA,142.18,25,2,0.6,6,3,3.4,3.4,CC1=C(N2[C@@H]([C@@H](C2=O)NC(=O)[C@@H](C3=CC=CC=C3)N)SC1)C(=O)O,CC(=C)C(=O)OCCOC(=O)C(=C)C,CN.C1=CC(=O)OC1=O
Ginsenoside Rb1,1109.27,0.5,AM,243.06,4,Glutaraldehyde,100.12,76,,0.3,23,15,2.11,2.8,CC(=CCC[C@@](C)([C@H]1CC[C@@]2([C@@H]1[C@@H](C[C@H]3[C@]2(CC[C@@H]4[C@@]3(CC[C@@H](C4(C)C)O[C@H]5[C@@H]([C@H]([C@@H]([C@H](O5)CO)O)O)O[C@H]6[C@@H]([C@H]([C@@H]([C@H](O6)CO)O)O)O)C)C)O)C)O[C@H]7[C@@H]([C@H]([C@@H]([C@H](O7)CO[C@H]8[C@@H]([C@H]([C@@H]([C@H](O8)CO)O)O)O)O)O)O)C,,
Ginsenoside Rg2,620.84,5,AM,243.06,8,Glutaraldehyde,100.12,25,,3.2,13,9,2.11,2.8,C[C@H]1[C@@H]([C@H]([C@H]([C@@H](O1)O[C@@H]2[C@H]([C@@H]([C@H](O[C@H]2O[C@H]3C[C@@]4([C@H](C[C@H]([C@H]5[C@]4(CC[C@@H]5[C@](C)(CCC=C(C)C)O)C)O)[C@@]6([C@@H]3C([C@H](CC6)O)(C)C)C)C)CO)O)O)O)O)O,,
Notoginsenoside R1,933.12,7,AM,243.06,9,Glutaraldehyde,100.12,40,1,1.1,18,12,2.11,4,CC(=CCC[C@@](C)([C@H]1CC[C@@]2([C@@H]1[C@@H](C[C@H]3[C@]2(C[C@@H]([C@@H]4[C@@]3(CC[C@@H](C4(C)C)O)C)O[C@H]5[C@@H]([C@H]([C@@H]([C@H](O5)CO)O)O)O[C@H]6[C@@H]([C@H]([C@@H](CO6)O)O)O)C)O)C)O[C@H]7[C@@H]([C@H]([C@@H]([C@H](O7)CO)O)O)O)C,,
Ibuprofen,206.28,4.84,2-VP,84.11,3.5,EGDMA ,142.18,25,21,3.5,2,1,7.6,3.3,CC(C)CC1=CC=C(C=C1)C(C)C(=O)O,CC(=C)C(=O)OCCOC(=O)C(=C)C,P#[V]
Naproxen,230.26,0.734,2-VP,84.11,8,EGDMA ,142.18,28,20,3.3,3,1,4.8,3,C[C@@H](C1=CC2=C(C=C1)C=C(C=C2)OC)C(=O)O,CC(=C)C(=O)OCCOC(=O)C(=C)C,P#[V]
Ketoprofen,254.28,1.33,2-VP,84.11,2,DVB,130.18,25,51,3.1,3,1,3.5,3.1,CC(C1=CC(=CC=C1)C(=O)C2=CC=CC=C2)C(=O)O,,P#[V]
Diclofenac,296.148,3.69,2-VP,84.11,5,Glutaraldehyde,100.12,30,50,4.4,3,2,5.2,2.5,C1=CC=C(C(=C1)CC(=O)O)NC2=C(C=CC=C2Cl)Cl,,P#[V]
Clofibric acid,214.645,0.434,2-VP,84.11,2,EGDMA,142.18,25,1,2.6,3,1,4.1,3.3,CC(C)(C(=O)O)OC1=CC=C(C=C1)Cl,CC(=C)C(=O)OCCOC(=O)C(=C)C,P#[V]
Sulphanilamide,172.2,1,APTES,221.37,8,Glutaraldehyde,100.12,25,11,-0.6,2,4,1.56,2.4,C1=CC(=CC=C1N)S(=O)(=O)N,,CCO[Si](CCCN)(OCC)OCC
Sulphacetamide,214.243,1,APTES,221.37,8,Glutaraldehyde,100.12,25,11,-1,4,2,2.7,1.08,CC(=O)NS(=O)(=O)C1=CC=C(C=C1)N,,CCO[Si](CCCN)(OCC)OCC
Sulphadiazine,250.278,1,APTES,221.37,8,Glutaraldehyde,100.12,40,13,-0.1,6,2,1.7,1.25,C1=CN=C(N=C1)NS(=O)(=O)C2=CC=C(C=C2)N,,CCO[Si](CCCN)(OCC)OCC
Sulphathiazole,255.319,1,APTES,221.37,4,EGDMA,141.18,25,51,0.1,6,2,3.9,1.47,C1=CC(=CC=C1N)S(=O)(=O)NC2=NC=CS2,CC(=C)C(=O)OCCOC(=O)C(=C)C,CCO[Si](CCCN)(OCC)OCC
Sulphamerazine,264.305,1,APTES,221.37,8,Glutaraldehyde,100.12,28,51,0.1,6,2,1.13,0.36,CC1=NC(=NC=C1)NS(=O)(=O)C2=CC=C(C=C2)N,,CCO[Si](CCCN)(OCC)OCC
Sulphamethizole,270.333,1,APTES,221.37,8,Glutaraldehyde,100.12,25,51,0.9,6,2,4.52,1.5,CC1=NN=C(S1)NS(=O)(=O)C2=CC=C(C=C2)N,,CCO[Si](CCCN)(OCC)OCC
Ibuprofen,206.28,4.84,2-VP,84.11,8,DVB,130.18,30,21,3.5,2,1,1.113,0.03,CC(C)CC1=CC=C(C=C1)C(C)C(=O)O,,P#[V]
Naproxen,230.26,0.734,2-VP,84.11,7.6,EGDMA,142.18,25,,3.3,3,1,1.275,0.08,C[C@@H](C1=CC2=C(C=C1)C=C(C=C2)OC)C(=O)O,CC(=C)C(=O)OCCOC(=O)C(=C)C,P#[V]
Diclofenac,296.148,3.69,2-VP,84.11,4,EGDMA,142.18,25,50,4.4,3,2,1.195,0.07,C1=CC=C(C(=C1)CC(=O)O)NC2=C(C=CC=C2Cl)Cl,CC(=C)C(=O)OCCOC(=O)C(=C)C,P#[V]
Fenoprofen,242.269,1,2-VP,84.11,5,EGDMA,142.18,12,2.5,3.3,3,1,8.34,,CC(C1=CC(=CC=C1)OC2=CC=CC=C2)C(=O)O,CC(=C)C(=O)OCCOC(=O)C(=C)C,P#[V]
Gemfibrozil,250.33,1,2-VP,84.11,4,EGDMA,142.18,10,16,3.8,3,1,9.5,,CC1=CC(=C(C=C1)C)OCCCC(C)(C)C(=O)O,CC(=C)C(=O)OCCOC(=O)C(=C)C,P#[V]
5-Fluorouracil,130.08,1,MAA,72.09,50,EGDMA,142.18,30,1,-0.9,3,2,7.886426593,,C1=C(C(=O)NC(=O)N1)F,CC(=C)C(=O)OCCOC(=O)C(=C)C,CN.C1=CC(=O)OC1=O
5-Fluorouracil,130.08,1,MAA,72.09,50,EGDMA,142.18,30,1,-0.9,3,2,8.329639889,,C1=C(C(=O)NC(=O)N1)F,CC(=C)C(=O)OCCOC(=O)C(=C)C,CN.C1=CC(=O)OC1=O
5-Fluorouracil,130.08,1,MAA,72.09,50,EGDMA,142.18,30,1,-0.9,3,2,12.22160665,,C1=C(C(=O)NC(=O)N1)F,CC(=C)C(=O)OCCOC(=O)C(=C)C,CN.C1=CC(=O)OC1=O
5-Fluorouracil,130.08,1,MAA,72.09,50,EGDMA,142.18,40,1,-0.9,3,2,9.659279778,,C1=C(C(=O)NC(=O)N1)F,CC(=C)C(=O)OCCOC(=O)C(=C)C,CN.C1=CC(=O)OC1=O
5-Fluorouracil,130.08,1,MAA,72.09,50,EGDMA,142.18,40,1,-0.9,3,2,9.326869806,,C1=C(C(=O)NC(=O)N1)F,CC(=C)C(=O)OCCOC(=O)C(=C)C,CN.C1=CC(=O)OC1=O
5-Fluorouracil,130.08,1,MAA,72.09,50,EGDMA,142.18,40,1,-0.9,3,2,10.26869806,,C1=C(C(=O)NC(=O)N1)F,CC(=C)C(=O)OCCOC(=O)C(=C)C,CN.C1=CC(=O)OC1=O
5-Fluorouracil,130.08,1,APTES,221.37,21,TEOS,208.33,15,1,-0.9,3,2,23.87,,C1=C(C(=O)NC(=O)N1)F,CCO[Si](OCC)(OCC)OCC,CCO[Si](CCCN)(OCC)OCC
5-Fluorouracil,130.08,1,APTES,221.37,21,TEOS,208.33,15,1,-0.9,3,2,2.67,,C1=C(C(=O)NC(=O)N1)F,CCO[Si](OCC)(OCC)OCC,CCO[Si](CCCN)(OCC)OCC
5-Fluorouracil,130.08,1,APTES,221.37,21,TEOS,208.33,15,1,-0.9,3,2,0.34,,C1=C(C(=O)NC(=O)N1)F,CCO[Si](OCC)(OCC)OCC,CCO[Si](CCCN)(OCC)OCC
5-Fluorouracil,130.08,1,APTES,221.37,21,TEOS,208.33,20,1,-0.9,3,2,5.63,,C1=C(C(=O)NC(=O)N1)F,CCO[Si](OCC)(OCC)OCC,CCO[Si](CCCN)(OCC)OCC
5-Fluorouracil,130.08,1,APTES,221.37,21,TEOS,208.33,20,1,-0.9,3,2,0.93,,C1=C(C(=O)NC(=O)N1)F,CCO[Si](OCC)(OCC)OCC,CCO[Si](CCCN)(OCC)OCC
5-Fluorouracil,130.08,1,APTES,221.37,21,TEOS,208.33,20,1,-0.9,3,2,0.34,,C1=C(C(=O)NC(=O)N1)F,CCO[Si](OCC)(OCC)OCC,CCO[Si](CCCN)(OCC)OCC
5-Fluorouracil,130.08,1,APTES,221.37,21,TEOS,208.33,30,1,-0.9,3,2,9.8,,C1=C(C(=O)NC(=O)N1)F,CCO[Si](OCC)(OCC)OCC,CCO[Si](CCCN)(OCC)OCC
5-Fluorouracil,130.08,1,APTES,221.37,21,TEOS,208.33,30,1,-0.9,3,2,1.6,,C1=C(C(=O)NC(=O)N1)F,CCO[Si](OCC)(OCC)OCC,CCO[Si](CCCN)(OCC)OCC
5-Fluorouracil,130.08,1,APTES,221.37,21,TEOS,208.33,30,1,-0.9,3,2,0.34,,C1=C(C(=O)NC(=O)N1)F,CCO[Si](OCC)(OCC)OCC,CCO[Si](CCCN)(OCC)OCC
5-Fluorouracil,130.08,1,MAA,221.37,15,TEOS,208.33,15,1,-0.9,3,2,11.7,,C1=C(C(=O)NC(=O)N1)F,CCO[Si](OCC)(OCC)OCC,CN.C1=CC(=O)OC1=O
5-Fluorouracil,130.08,1,MAA,221.37,15,TEOS,208.33,15,1,-0.9,3,2,10.6,,C1=C(C(=O)NC(=O)N1)F,CCO[Si](OCC)(OCC)OCC,CN.C1=CC(=O)OC1=O
5-Fluorouracil,130.08,1,MAA,221.37,15,TEOS,208.33,15,1,-0.9,3,2,0.8,,C1=C(C(=O)NC(=O)N1)F,CCO[Si](OCC)(OCC)OCC,CN.C1=CC(=O)OC1=O
5-Fluorouracil,130.08,1,MAA,221.37,15,TEOS,208.33,20,1,-0.9,3,2,11.7,,C1=C(C(=O)NC(=O)N1)F,CCO[Si](OCC)(OCC)OCC,CN.C1=CC(=O)OC1=O
5-Fluorouracil,130.08,1,MAA,221.37,15,TEOS,208.33,20,1,-0.9,3,2,7.4,,C1=C(C(=O)NC(=O)N1)F,CCO[Si](OCC)(OCC)OCC,CN.C1=CC(=O)OC1=O
5-Fluorouracil,130.08,1,MAA,221.37,15,TEOS,208.33,20,1,-0.9,3,2,0.34,,C1=C(C(=O)NC(=O)N1)F,CCO[Si](OCC)(OCC)OCC,CN.C1=CC(=O)OC1=O
5-Fluorouracil,130.08,1,MAA,221.37,15,TEOS,208.33,30,1,-0.9,3,2,15.9,,C1=C(C(=O)NC(=O)N1)F,CCO[Si](OCC)(OCC)OCC,CN.C1=CC(=O)OC1=O
5-Fluorouracil,130.08,1,MAA,221.37,15,TEOS,208.33,30,1,-0.9,3,2,2.3,,C1=C(C(=O)NC(=O)N1)F,CCO[Si](OCC)(OCC)OCC,
5-Fluorouracil,130.08,1,MAA,221.37,15,TEOS,208.33,30,1,-0.9,3,2,0.34,,C1=C(C(=O)NC(=O)N1)F,CCO[Si](OCC)(OCC)OCC,
